Song,Artist,Initials,Number
22,Taylor Swift,2_,1
1901,Phoenix,1___,2
1979,The Smashing Pumpkins,1___,3
10:15 Saturday Night,The Cure,1_:__ S_______ N____,4
2000 Light Years From Home,The Rolling Stones,2___ L____ Y____ F___ H___,5
500 Miles,The Proclaimers,5__ M____,6
7 Minutes In Heaven,"Nick Helm, Elliot Speller-Gillott",7 M______ I_ H_____,7
99 Red Balloons,Nena,9_ R__ B_______,8
A Day In The Life,The Beatles,A D__ I_ T__ L___,9
A Horse with No Name,America,A H____ w___ N_ N___,10
A Message to You Rudy,The Specials,A M______ t_ Y__ R___,11
A Thousand Miles,Vanessa Carlton,A T_______ M____,12
Aberdeen,Cage The Elephant,A_______,13
Africa,TOTO,A_____,14
Ain't No Grave,Johnny Cash,A__'_ N_ G____,15
Ain't No Mountain High Enough,"Marvin Gaye, Tammi Terrell",A__'_ N_ M_______ H___ E_____,16
Ain't No Rest for the Wicked,Cage The Elephant,A__'_ N_ R___ f__ t__ W_____,17
Ain't No Sunshine,Bill Withers,A__'_ N_ S_______,18
All Along the Watchtower,Jimi Hendrix,A__ A____ t__ W_________,19
All Out of Love,Air Supply,A__ O__ o_ L___,20
All Right Now,Free,A__ R____ N__,21
All The Small Things,blink-182,A__ T__ S____ T_____,22
All the Young Dudes,Mott The Hoople,A__ t__  Y____ D____,23
All You Need Is Love,The Beatles,A__ Y__ N___ I_ L___,24
Alone,Heart,A____,25
Alright Now,Liam Gallagher,A______ N__,26
Always Something,Cage The Elephant,A_____ S________,27
Always Where I Need To Be,The Kooks,A_____ W____ I N___ T_ B_,28
American Girl,Tom Petty and the Heartbreakers,A_______ G___,29
Anarchy In The UK,Sex Pistols,A______ I_ T__ U_,30
Angie,The Rolling Stones,A____,31
Annie's Song,John Denver,A____'_ S___,32
Another Day In Paradise,Phil Collins,A______ D__ I_ P_______,33
Another Girl Another Planet,The Only Ones,A______ G___ A______ P_____,34
Are Friends Electric?,Tubeway Army,A__ F______ E_______?,35
Are You Gonna Be My Girl,Jet,A__ Y__ G_____ B_ M_ G___,36
As Long as You Love Me,Backstreet Boys,A_ L___ a_ Y__ L___ M_,37
As Tears Go By,The Rolling Stones,A_ T____ G_ B_,38
Baba O'Riley,The Who,B___ O'_____,39
Baby,"Justin Bieber, Ludacris",B___,40
Baby I Love You,Ramones,B___ I L___ Y__,41
Back Against the Wall,Cage The Elephant,B___ A______ t__ W___,42
Back Down South,Kings of Leon,B___ D___ S____,43
Back In The USSR,The Beatles,B___ I_ T__ U___,44
Back Off Boogaloo,Ringo Starr,B___ O__ B_______,45
Back Stabbin' Betty,Cage The Elephant,B___ S______' B____,46
Bad Habit,The Kooks,B__ H____,47
Bad Moon Rising,Creedence Clearwater Revival,B__ M___ R_____,48
Badlands,Bruce Springsteen,B_______,49
Band On The Run,"Paul McCartney, Wings",B___ O_ T__ R__,50
Beast Of Burden,The Rolling Stones,B____ O_ B_____,51
Beautiful War,Kings of Leon,B________ W__,52
Because I Love You,The Master's Apprentices,B______ I L___ Y__,53
Behind Blue Eyes,The Who,B_____ B___ E___,54
Best of You,Foo Fighters,B___ o_ Y__,55
Better off Dead,Bill Withers,B_____ o__ D___,56
Bigger Boys and Stolen Sweethearts,Arctic Monkeys,B_____ B___ a__ S____ S__________,57
Bigmouth Strikes Again,The Smiths,B_______ S_____ A____,58
Black Madonna,Cage The Elephant,B____ M______,59
Black Magic Woman,Fleetwood Mac,B____ M____ W____,60
Blackbird,The Beatles,B________,61
Blank Space,Taylor Swift,B____ S____,62
Blinded By The Light,Manfred Mann's Earth Band,B______ B_ T__ L____,63
Blitzkrieg Bop,Ramones,B_________ B__,64
Blue Monday,New Order,B___ M_____,65
Bohemian Like You,The Dandy Warhols,B_______ L___ Y__,66
Bombtrack,Rage Against The Machine,B________,67
Born in the USA,Bruce Springsteen,B___ i_ t__ U__,68
Born to Run,Bruce Springsteen,B___ t_ R__,69
Boulevard of Broken Dreams,Green Day,B________ o_ B_____ D_____,70
Bouncing off the Wall,Green Day,B_______ o__ t__ W___,71
Boys Don't Cry,The Cure,B___ D__'_ C__,72
Brandy,Looking Glass,B_____,73
Breakfast In America,Supertramp,B________ I_ A______,74
Brianstorm,Arctic Monkeys,B_________,75
Brighton Rock,Queen,B_______ R___,76
Bring It On Home to Me,Sam Cooke,B____ I_ O_ H___ t_ M_,77
Broken Boy,Cage The Elephant,B_____ B__,78
Brown Eyed Girl,Van Morrison,B____ E___ G___,79
Brown Sugar,The Rolling Stones,B____ S____,80
Buddy Holly,Weezer,B____ H____,81
Build Me Up Buttercup,The Foundations,B____ M_ U_ B________,82
Bullet With Butterfly Wings,The Smashing Pumpkins,B_____ W___ B________ W____,83
Bus Driver,Flight of the Conchords,B__ D_____,84
Business Time,Flight of the Conchords,B_______ T___,85
California Dreamin',The Mamas & The Papas,C_________ D______',86
California Waiting,Kings of Leon,C_________ W______,87
Cameos,Swimming Tapes,C_____,88
Can't Stand Me Now,The Libertines,C__'_ S____ M_ N__,89
Carol Brown,Flight of the Conchords,C____ B____,90
Carolina in My Mind,James Taylor,C_______ i_ M_ M___,91
Carry on Wayward Son,Kansas,C____ o_ W______ S__,92
Cats in the Cradle,Harry Chapin,C___ i_ t__ C_____,93
Cavorting,Courteeners,C________,94
Cecilia,Simon & Garfunkel,C______,95
Celebrity Skin,Hole,C________ S___,96
Champagne Supernova,Oasis,C________ S________,97
Change the World,Eric Clapton,C_____ t__ W____,98
Changes,David Bowie,C______,99
Changing of the Guards,Bob Dylan,C_______ o_ t__ G_____,100
Charlemagne,Blossoms,C__________,101
Charmer,Kings of Leon,C______,102
Chasing Rainbows,Shed Seven,C______ R_______,103
Chelsea Dagger,The Fratellis,C______ D_____,104
Cherry Bomb,The Runaways,C_____ B___,105
China Girl,David Bowie,C____ G___,106
Cigarette Daydreams,Cage The Elephant,C________ D________,107
City Boy,Calpurnia,C___ B__,108
Civil War,Guns N' Roses,C____ W__,109
Closer,Kings of Leon,C_____,110
Closer To The Heart,Rush,C_____ T_ T__ H____,111
Cocaine,Eric Clapton,C______,112
Cocaine Blues,Johnny Cash,C______ B____,113
Cold Cold Cold,Cage The Elephant,C___ C___ C___,114
Cold Desert,Kings of Leon,C___ D_____,115
Come A Little Bit Closer,Jay & The Americans,C___ A L_____ B__ C_____,116
Come A Little Closer,Cage The Elephant,C___ A L_____ C_____,117
Come and Get Your Love,Redbone,C___ a__ G__ Y___ L___,118
Come As You Are,Nirvana,C___ A_ Y__ A__,119
Come On Eileen,Dexys Midnight Runners,C___ O_ E_____,120
Come Together,The Beatles,C___ T_______,121
Common People,Pulp,C_____ P_____,122
Conversation Piece,Kings of Leon,C___________ P____,123
Country Girl,Primal Scream,C______ G___,124
Crackerbox Palace,George Harrison,C_________ P_____,125
Crazy,Aerosmith,C____,126
Crazy Train,Ozzy Osbourne,C____ T____,127
Creep,Radiohead,C____,128
Crossroads,Cream,C_________,129
Cry Baby,Cage The Elephant,C__ B___,130
Cry Baby Cry,The Beatles,C__ B___ C__,131
Cuntry Boys & City Girls,The Fratellis,C_____ B___ & C___ G____,132
Dakota,Stereophonics,D_____,133
Dance Dance,Cage The Elephant,D____ D____,134
Dancing in the Moonlight,Toploader,D______ i_ t__ M________,135
Dani California,Red Hot Chili Peppers,D___ C_________,136
Dark Necessities,Red Hot Chili Peppers,D___ N__________,137
Day Tripper,The Beatles,D__ T______,138
"December, 1963",Frankie Valli & The Four Seasons,"D_______, 1___",139
Desperado,Eagles,D________,140
Disco 2000,Pulp,D____ 2___,141
Django,"Luis Bacalov, Rocky Roberts",D_____,142
Do I Wanna Know?,Arctic Monkeys,D_ I W____ K___?,143
Do You Believe In Love,Huey Lewis & The News,D_ Y__ B______ I_ L___,144
Do You Remember The First Time?,Pulp,D_ Y__ R_______ T__ F____ T___?,145
Don't Fear The Reaper,Blue Öyster Cult,D__'_ F___ T__ R_____,146
Don't Go Away,Oasis,D__'_ G_ A___,147
Don't Go Breaking My Heart,"Elton John, Kiki Dee",D__'_ G_ B_______ M_ H____,148
Don't Let Me Down,The Beatles,D__'_ L__ M_ D___,149
Don't Look Back in Anger,Oasis,D__'_ L___ B___ i_ A____,150
Don't Look Back into the Sun,The Libertines,D__'_ L___ B___ i_ A____,151
Don't Stop Believin',Journey,D__'_ S___ B_______',152
Don't Stop Me Now,Queen,D__'_ S___ M_ N__,153
Don't You Forget About Me,Simple Minds,D__'_ Y__ F_____ A____ M_,154
Doom And Gloom,"The Rolling Stones, Alessandro Benassi, Marco Benassi",D___ A__ G____,155
Down On The Corner,Creedence Clearwater Revival,D___ O_ T__ C_____,156
Down Under,Men At Work,D___ U____,157
Dream On,Aerosmith,D____ O_,158
Dreaming of You,The Coral,D_______ o_ Y__,159
Dreams,Fleetwood Mac,D_____,160
Drive,The Cars,D____,161
Duchess,The Stranglers,D______,162
Dude Looks Like A Lady,Aerosmith,D___ L____ L___ A L___,163
Easy,Commodores,E___,164
Easy Like Sunday Morning,Charles Givings,E___ L___ S_____ M______,165
Eleanor Rigby,The Beatles,E______ R____,166
Elephant,Tame Impala,E_______,167
Escape,Rupert Holmes,E_____,168
Every Breath You Take,The Police,E____ B_____ Y__ T___,169
Every Rose Has It's Thorn,Poison,E____ R___ H__ I_'_ T____,170
Everybody Hurts,R.E.M.,E________ H____,171
Everything I Do I Do It For You,Bryan Adams,E_________ I D_ I D_ I_ F__ Y__,172
Everywhere,Fleetwood Mac,E_________,173
Eyes On You,Kings of Leon,E___ O_ Y__,174
Family Table,Bill Withers,F_____ T____,175
Father And Son,Yusuf / Cat Stevens,F_____ A__ S__,176
Feels Like We Only Go Backwards,Tame Impala,F____ L___ W_ O___ G_ B________,177
Fell In Love With A Girl,The White Stripes,F___ I_ L___ W___ A G___,178
Find Me,Kings of Leon,F___ M_,179
Fireside,Arctic Monkeys,F_______,180
Firestarter,The Prodigy,F__________,181
Fluorescent Adolescent,Arctic Monkeys,F__________ A_________,182
Folsom Prison Blues,Johnny Cash,F_____ P_____ B____,183
Fooled Around And Fell In Love,Elvin Bishop,F_____ A_____ A__ F___ I_ L___,184
Fools Gold,The Stone Roses,F____ G___,185
For What Its Worth,Buffalo Springfield,F__ W___ I__ W____,186
Forever In Blue Jeans,Neil Diamond,F______ I_ B___ J____,187
Forever Now,Green Day,F______ N__,188
Forever Young,Alphaville,F______ Y____,189
Fortunate Son,Creedence Clearwater Revival,F________ S__,190
Four Out Of Five,Arctic Monkeys,F___ O__ O_ F___,191
Foux du Fafa,Flight of the Conchords,F___ d_ F___,192
Fox on the Run,Sweet,F__ o_ t__ R__,193
Free Love,Cage The Elephant,F___ L___,194
Friday I'm in Love,The Cure,F_____ I'_ i_ L___,195
From The Ritz To The Rubble,Arctic Monkeys,F___ T__ R__ T__ T_ R_____,196
Genius,Kings of Leon,G_____,197
Get Over It,OK Go,G___ O___ I_,198
Gimme Shelter,The Rolling Stones,G____ S______,199
Gimme Some Lovin',The Blues Brothers,G____ S___ L____',200
Girl from the North Country,"Bob Dylan, Johnny Cash",G___ f___ t__ N____ C______,201
Girls and Boys,Blur,G____ a__ B___,202
Give It Away,Red Hot Chili Peppers,G___ I_ A___,203
Glimmer,Liam Gallagher,G_____,204
Go Your Own Way,Fleetwood Mac,G_ Y___ O__ W__,205
God's Gonna Cut You Down,Johnny Cash,G__'_ G____ C__ Y__ D___,206
Going Underground,The Jam,G____ U__________,207
Gold on the Ceiling,The Black Keys,G___ o_ t__ C______,208
Golden Touch,Razorlight,G_____ T____,209
Goodbye,Cage The Elephant,G______,210
Goodbye Mr A,The Hoosiers,G______ M_ A,211
Goodbye My Lover,James Blunt,G______ M_ L____,212
Goodbye to Romance,Ozzy Osbourne,G______ t_ R______,213
Got My Mind Set On You,George Harrison,G__ M_ M___ S__ O_ Y__,214
Grandma's Hands,Bill Withers,G______'_ H____,215
Grenade,Bruno Mars,G______,216
Greyhound,Calpurnia,G________,217
Grinding Halt,The Cure,G_______ H___,218
Grounds For Divorce,Elbow,G______ F__ D______,219
Gwen,Nick Helm,G___,220
Halo,Cage The Elephant,H___,221
Hanging 'Round,Mystic Braves,H______ 'R____,222
Harlem,Bill Withers,H_____,223
Harlem Shuffle,Bob & Earl,H_____ S______,224
Hate To Say I Told You So,The Hives,H___ T_ S__ I T___ Y__ S_,225
Have You Ever Seen The Rain,Creedence Clearwater Revival,H___ Y__ E___ S___ T__ R___,226
Heaven,Bryan Adams,H_____,227
Help!,The Beatles,H___!,228
Henrietta,The Fratellis,H________,229
Here Comes The Sun,The Beatles,H___ C____ T__ S__,230
Here I Go Again 87,Whitesnake,H___ I G_ A____ 8_,231
Here It Goes Again,OK Go,H___ I_ G___ A____,232
Hey Joe,Jimi Hendrix,H__ J__,233
Hey Jude,The Beatles,H__ J___,234
Highway,Bleeker,H______,235
Highway to Hell,AC/DC,H______ t_ H___,236
Hiphopopotamus vs Rhymenoceros,Flight of the Conchords,H_____________ v_ R___________,237
"Hold On, I'm Comin'",Sam & Dave,"H___ O_, I'_ C____'",238
Hold the Line,TOTO,H___ t__ L___,239
Hollow,Barns Courtney,H_____,240
Honey Sweet,Blossoms,H____ S____,241
Honky Tonk Women,The Rolling Stones,H____ T___ W____,242
Hooked on a Feeling,"Blue Swede, Björn Skifs",H_____ o_ a F______,243
Hotel California,Eagles,H____ C_________,244
House Of Glass,Cage The Elephant,H____ O_ G____,245
House Of The Rising Sun,The Animals,H____ O_ T__ R_____ S__,246
How Am I Supposed to Live Without You,Michael Bolton,H__ A_ I S_______ t_ L___ W______ Y__,247
How Deep Is Your Love,Bee Gees,H__ D___ I_ Y___ L___,248
How Soon Is Now?,The Smiths,H__ S___ I_ N__?,249
How Would You Feel,Ed Sheeran,H__ W____ Y__ F___,250
Howlin' For You,The Black Keys,H_____' F__ Y__,251
Human,The Killers,H____,252
Hurt,Johnny Cash,H___,253
Hurt Feelings,Flight of the Conchords,H___ F_______,254
Hypocrite,Cage The Elephant,H________,255
I Am the Resurrection,The Stone Roses,I A_ t__ R___________,256
I Am The Walrus,The Beatles,I A_ t__ W_____,257
I Believe in a Thing Called Love,The Darkness,I B______ i_ a T____ C_____ L___,258
I Can See Clearly Now,Johnny Nash,I C__ S__ C______ N__,259
I Can't Explain,The Who,I C__'_ E______,260
I Can't Get No Satisfaction,The Rolling Stones,I C__'_ G__ N_ S___________,261
I Can't Quit,The Vaccines,I C__'_ Q___,262
I Can't Quit You Baby,Led Zeppelin,I C__'_ Q___ Y__ B___,263
I Can't Stand It,Blossoms,I C__'_ S____ I_,264
I Can't Wait,The White Stripes,I C__'_ W___,265
I Don't Like Mondays,The Boomtown Rats,I D__'_ L___ M______,266
I Fought the Law,The Clash,I F_____ t__ L__,267
I Get Around,The Beach Boys,I G__ A_____,268
I Heard It Through The Grapevine,Marvin Gaye,I H____ I_ T______ T__ G________,269
I Just Died In Your Arms,Cutting Crew,I J____ D____ I_ Y___ A___,270
I Just Don't Know What To Do With Myself,The White Stripes,I J___ D__'_ K___ W___ T_ D_ W__ M_____,271
I like like you,"Elliot Speller-Gillott, Nick Helm",I l___ l___ Y__,272
I Predict A Riot,Kaiser Chiefs,I P______ A_____ R___,273
I Saw Her Standing There,The Beatles,I S__ H__ S_______ T____,274
I Shot The Sheriff,Eric Clapton,I S___ T__ S______,275
I Wanna Be Adored,The Stone Roses,I W____ B_ A_____,276
I Wanna Dance with Somebody,Whitney Houston,I W____ D____ W___ S_______,277
I Want It That Way,Backstreet Boys,I W___ I_ T___ W__,278
I Want To Hold Your Hand,The Beatles,I W___ T_ H___ Y___ H___,279
I Will Wait,Mumford & Sons,I W___ W___,280
Iain and Deanna,Flight of the Conchords,I___ a__ D_____,281
If I Could Turn Back Time,Cher,I_ I C____ T___ B___ T___,282
If You Wanna,The Vaccines,I_ Y__ W____,283
I'm Not In Love,10cc,I'_ N__ I_ L___,284
Imagine,John Lennon,I______,285
Immigrant Song,Led Zeppelin,I________ S___,286
In a Broken Dream,Rod Stewart,I_ a B_____ D____,287
In My Life,The Beatles,I_ M_ L___,288
In The Morning,Razorlight,I_ T__ M______,289
Inner City Pressure,Flight of the Conchords,I____ C___ P_______,290
Interstate Love Song,Stone Temple Pilots,I_________ L___ S___,291
Into the Surf,Foals,I___ t__ S___,292
Island In The Sun,Weezer,I_____ I_ T_____ T__ S__,293
Jailhouse Rock,Elvis Presley,J________ R___,294
Jealous Guy,"John Lennon, The Plastic Ono Band, The Flux Fiddlers",J______ G__,295
Johnny B. Goode,Chuck Berry,J_____ B. G____,296
Jolene,Dolly Parton,J_____,297
Jump,Van Halen,J___,298
Just A Girl,No Doubt,J___ A G___,299
Just Like Heaven,The Cure,J___ L___ H_____,300
Just the Two of Us,"Grover Washington, Jr., Bill Withers",J___ t__ T__ o_ U_,301
Just the Way You Are,Bruno Mars,J___ t__ W__ Y__ A__,302
Just What I Needed,The Cars,J___ W___ I N_____,303
Karma Police,Radiohead,K____ P_____,304
Kill Em With Kindness,Selena Gomez,K___ E_ W___ K_______,305
La Vie En Rose,Louis Armstrong,L_ V__ E_ R___,306
Laid,James,L___,307
Lake Shore Drive,Aliotta Haynes Jeremiah,L___ S____ D____,308
Landslide,Fleetwood Mac,L________,309
Last Nite,The Strokes,L___ N___,310
Last place hero,"Sydney Rae White, Nick Helm",L___ p____ h___,311
Layla,"Derek & The Dominos, Eric Clapton",L____,312
Lean on Me,Bill Withers,L___ o_ M_,313
Lemon to a Knife Fight,The Wombats,L____ t_ a K____ F____,314
Let It Be,The Beatles,L__ I_ B_,315
Let Me Down Easy,Gang of Youths,L__ M_ D___ E___,316
Let's Dance to Joy Division,The Wombats,L__'_ D____ t_ J__ D_______,317
Liar,Camila Cabello,L___,318
Life in the Fast Lane,Eagles,L___ i_ t__ F___ L___,319
Life on Mars?,David Bowie,L___ o_ M___?,320
Light My Fire,The Doors,L____ M_ F___,321
Lightning Bolt,Jake Bugg,L________ B___,322
Like Lightning,Foals,L___ L________,323
Little Lies,Fleetwood Mac,L_____ L___,324
Live And Let Die,Paul McCartney,L___ A__ L__ D__,325
Live Forever,Oasis,L___ F______,326
Lola,The Kinks,L___,327
London Calling,The Clash,L_____ C______,328
Lonely Boy,The Black Keys,L_____ B__,329
Look What You Made Me Do,Taylor Swift,L___ W___ Y__ M___ M_ D_,330
Lose You To Love Me,Selena Gomez,L___ Y__ T_ L___ M_,331
Love Buzz,Nirvana,L___ B___,332
Love Is The Drug,Roxy Music,L___ I_ T__ D___,333
Love Shack,The B-52's,L___ S____,334
Love Spreads,The Stone Roses,L___ S______,335
Love Story,Taylor Swift,L___ S____,336
Love Will Remember,Selena Gomez,L___ W___ R_______,337
Love Will Tear Us Apart,Joy Division,L___ W___ T___ U_ A____,338
Lovefool,The Cardigans,L_______,339
Lovely Day,Bill Withers,L_____ D__,340
Lover,Taylor Swift,L____,341
Love's The Only Way,Cage The Elephant,L___'_ T__ O___ W__,342
Lovesong,The Cure,L_______,343
Lucy In The Sky With Diamonds,The Beatles,L___ I_ T__ S__ W___ D_______,344
Lust For Life,Iggy Pop,L___ F__ L___,345
Lyla,Oasis,L___,346
Mad Sounds,Arctic Monkeys,M__ S_____,347
Made of Stone,The Stone Roses,M___ o_ S____,348
Make It Right,Foo Fighters,M___ I_ R____,349
Making Love Out of Nothing at All,Air Supply,M_____ L___ O__ o_ N______ a_ A__,350
Man On The Moon,R.E.M.,M__ O_ T__ M___,351
Manhattan,Kings of Leon,M________,352
Mardy Bum,Arctic Monkeys,M____ B__,353
Maxwell's Silver Hammer,The Beatles,M______'_ S_____ H_____,354
Maybe I'm Amazed,Paul McCartney,M____ I'_ A_____,355
Meadow,Liam Gallagher,M_____,356
Mean Mr Mustard,The Beatles,M___ M_ M______,357
Mess Around,Cage The Elephant,M___ A_____,358
Message In A Bottle,The Police,M______ I_ A B_____,359
Michelle,The Beatles,M_______,360
Mind Games,John Lennon,M___ G____,361
Mirrorball,Blur,M_________,362
Mississippi Queen,Mountain,M__________ Q____,363
Misunderstood,Liam Gallagher,M____________,364
Molly's Chambers,Kings of Leon,M____'_ C_______,365
Mona Lisas And Mad Hatters,Elton John,M___ L____ A__ M__ H______,366
Money For Nothing,Dire Straits,M____ F__ N______,367
Monkey Man,The Rolling Stones,M_____ M__,368
Moonage Daydream,David Bowie,M______ D_______,369
Moondance,Van Morrison,M________,370
More Than a Feeling,Boston,M___ T___ a F______,371
Motherlover,"The Lonely Island, Justin Timberlake",M__________,372
Motorcycle Emptiness,Manic Street Preachers,M_________ E________,373
Mountain at My Gates,Foals,M_______ a_ M_ G____,374
Mr. Blue Sky,Electric Light Orchestra,M_. B___ S__,375
Mr. Brightside,The Killers,M_. B_________,376
Mr. Tambourine Man,The Byrds,M_. T_________ M__,377
Mrs. Robinson,Simon & Garfunkel,M__. R_______,378
Mutha'uckas,Flight of the Conchords,M____'_____,379
My Best Friend's Girl,The Cars,M_ B___ F_____'_ G___,380
My Generation,The Who,M_ G_________,381
My Melody,Nick Helm,M_ M_____,382
"My My, Hey Hey","Neil Young, Crazy Horse","M_ M_, H__ H__",383
My Number,Foals,M_ N_____,384
My Own Worst Enemy,Lit,M_ O__ W____ E____,385
My Sharona,The Knack,M_ S______,386
My Sweet Lord,George Harrison,M_ S____ L___,387
Mykonos,Fleet Foxes,M______,388
Naive,The Kooks,N____,389
Naked in the Rain,Red Hot Chili Peppers,N____ i_ t__ R___,390
Natalie's Rap,"The Lonely Island, Natalie Portman",N______'_ R__,391
Need You Tonight,INXS,N___ Y__ T______,392
Never Gonna Give You Up,Rick Astley,N____ G____ G___ Y__ U_,393
Never Say Goodbye,Bon Jovi,N____ S__ G______,394
"Never, Never Gonna Give Ya Up",Barry White,"N____, N____ G____ G___ Y_ U_",395
New Kid in Town,Eagles,N__ K__ i_ T___,396
Night Running,"Cage The Elephant, Beck",N____ R______,397
Nighttime Girls,The Districts,N________ G____,398
Nine to Five,Dolly Parton,N___ t_ F___,399
No Expectations,The Rolling Stones,N_ E___________,400
No survivors,Nick Helm,N_ s________,401
No You Girls,Franz Ferdinand,N_ Y__ G____,402
No. 1 Party Anthem,Arctic Monkeys,N_. 1 P____ A_____,403
Norgaard,The Vaccines,N_______,404
Norwegian Wood,The Beatles,N________ W___,405
Notion,Kings of Leon,N_____,406
November Rain,Guns N' Roses,N_______ R___,407
Octopus's Garden,The Beatles,O______'_ G_____,408
Oh My God,Kaiser Chiefs,O_ M_ G__,409
Old Town Road,"Lil Nas X, Billy Ray Cyrus",O__ T___ R___,410
On The Run,Pink Floyd,O_ T__ R__,411
Once,Liam Gallagher,O___,412
Once And Never Again,The Long Blondes,O___ A__ N____ A____,413
One of These Nights,Eagles,O__ o_ T____ N_____,414
One of Us,Liam Gallagher,O__ o_ U_,415
Only Happy When It Rains,Garbage,O___ H____ W___ I_ R____,416
Only You,Yazoo,O___ Y__,417
O-O-H Child,The Five Stairsteps,O-_-_ C____,418
Ooh La,The Kooks,O__ L_,419
Otherside,Red Hot Chili Peppers,O________,420
Over,Kings of Leon,O___,421
Pacifier,Catfish and the Bottlemen,P_______,422
Pale Blue Eyes,The Velvet Underground,P___ B___ E___,423
Panic,The Smiths,P____,424
Paperback Writer,The Beatles,P________ W_____,425
Paradise City,Guns N' Roses,P_______ C___,426
Paranoid,Black Sabbath,P_______,427
Parklife,Blur,P_______,428
Peace Train,Yusuf / Cat Stevens,P____ T____,429
Penny Lane,The Beatles,P____ L___,430
Perfect Day,Lou Reed,P______ D__,431
Perhaps Vampires Is A Bit Strong But…,Arctic Monkeys,P______ V_______ I_ A B__ S_____ B__…,432
Photograph,Ringo Starr,P_________,433
Piano Man,Billy Joel,P____ M__,434
Pinball Wizard,The Who,P______ W_____,435
"Please, Please, Please, Let Me Get What I Want",The Smiths,"P_____, P_____, P_____, L__ M_ G__ W___ I W___",436
Plush,Stone Temple Pilots,P____,437
Poison,Alice Cooper,P_____,438
Portuguese Knife Fight,Cage The Elephant,P_________ K____ F____,439
Proud Mary,Creedence Clearwater Revival,P____ M___,440
Psycho Killer,Talking Heads,P_____ K_____,441
Pumped Up Kicks,Foster The People,P_____ U_ K____,442
Pumping On Your Stereo,Supergrass,P______ O_ Y___ S_____,443
Punch You In The Jeans,The Lonely Island,P____ Y__ I_ T__ J____,444
Punchin' Bag,Cage The Elephant,P______' B__,445
Racing in the Street,Bruce Springsteen,R_____ i_ t__ S_____,446
Radioactive,Kings of Leon,R__________,447
Ransom,Lil Tecca,R_____,448
Ready To Let Go,Cage The Elephant,R____ T_ L__ G_,449
Real Gone Kid,Deacon Blue,R___ G___ K__,450
Rebel Heart,The Shelters,R____ H____,451
Rebel Rebel,David Bowie,R____ R____,452
Red Light Indicates Doors Are Secured,Arctic Monkeys,R__ L____ I________ D____ A__ S______,453
Reel Around the Fountain,The Smiths,R___ A_____ t__ F_______,454
Restless Heart,John Parr,R_______ H____,455
Reverend,Kings of Leon,R_______,456
Revolution,The Beatles,R_________,457
Revolution Radio,Green Day,R_________ R____,458
Rich Girl,Daryl Hall & John Oates,R___ G___,459
Riders on the Storm,The Doors,R_____ o_ t__ S____,460
Right Down the Line,Gerry Rafferty,R____ D___ t__ L___,461
Ring of Fire,Johnny Cash,R___ o_ F___,462
Riot Van,Arctic Monkeys,R___ V__,463
Riptide,Vance Joy,R______,464
Roadhouse Blues,The Doors,R________ B____,465
Robots ,Flight of the Conchords,R_____ ,466
Rock And A Hard Place,The Rolling Stones,R___ A__ A H___ P____,467
Rock 'n' Roll Star,Oasis,R___ '_' R___ S___,468
Rocket Man,Elton John,R_____ M__,469
Rocks,"Primal Scream, George Drakoulias, David Bianco",R____,470
Rocky Mountain High,"John Denver, Mike Taylor",R____ M_______ H___,471
Ruby,Kaiser Chiefs,R___,472
Ruby Tuesday,The Rolling Stones,R___ T______,473
Said I Loved You… But I Lied,Michael Bolton,S___ I L____ Y__... B__ I L___,474
Salmonella,Elliot Speller-Gillott,S_________,475
Santeria,Sublime,S_______,476
"Say You, Say Me",Lionel Richie,"S__ Y__, S__ M_",477
Second Hand News,Fleetwood Mac,S_____ H___ N___,478
Send a Picture of Mother,Johnny Cash,S___ a P______ o_ M_____,479
Sex on Fire,Kings of Leon,S__ o_ F___,480
Sgt. Pepper's Lonely Hearts Club Band,The Beatles,S__. P_____'_ L_____ H_____ C___ B___,481
Shake Me Down,Cage The Elephant,S____ M_ D___,482
She Bangs the Drums,The Stone Roses,S__ B____ t__ D____,483
She Loves You,The Beatles,S__ L____ Y__,484
She Moves In Her Own Way,The Kooks,S__ M____ I_ H__ O__ W__,485
Sheila,Jamie T,S_____,486
She's Leaving Home,The Beatles,S__'_ L______ H___,487
She's So Lovely,Scouting For Girls,S__'_ S_ L_____,488
Ship In A Bottle,Nick Helm,S___ I_ A B_____,489
Shoot You Down,The Stone Roses,S____ Y__ D___,490
Should I Stay or Should I Go,The Clash,S_____ I S___ o_ S_____ I G_,491
Shy Ronnie 2: Ronnie & Clyde,"The Lonely Island, Rihanna",S__ R_____ 2: R_____ & C____,492
Sick Love,Red Hot Chili Peppers,S___ L___,493
"Signed, Sealed, Delivered",Stevie Wonder,"S_____, S_____, D________",494
Simple Man,Lynyrd Skynyrd,S_____ M__,495
Since You Been Gone,RAINBOW,S____ Y__ B___ G___,496
Sitting On Top Of The World,Cream,S______ O_ T__ O_ T__ W____,497
Skin and Bones,Cage The Elephant,S___ a__ B____,498
Smells Like Teen Spirit,Nirvana,S_____ L___ T___ S_____,499
Smooth Criminal,Michael Jackson,S_____ C_______,500
Snap Out Of It,Arctic Monkeys,S___ O__ O_ I_,501
Snow,Red Hot Chili Peppers,S___,502
Social Cues,Cage The Elephant,S_____ C___,503
Soil To The Sun,Cage The Elephant,S___ T_ T__ S__,504
Solsbury Hill,Peter Gabriel,S_______ H___,505
Something In The Air,Thunderclap Newman,S________ I_ T__ A__,506
Son Of A Preacher Man,Dusty Springfield,S__ O_ A P_______ M__,507
Songbird,Bernard Fanning,S_______,508
Southern Nights,Glen Campbell,S_______ N_____,509
Spiderhead,Cage The Elephant,S_________,511
Spirit In The Sky,Norman Greenbaum,S_____ I_ T__ S__,512
Stacy's Mom,Fountains Of Wayne,S____'_ M__,513
Stand and Deliver,Adam & The Ants,S____ a__ D______,514
Stand by Me,Otis Redding,S____ b_ M_,515
Starman,David Bowie,S______,516
Start of Something New,"Troy, Gabriella Montez",S____ o_ S________ N__,517
Stay with Me,Faces,S___ w___ M_,518
Stop Crying Your Heart Out,Oasis,S___ C_____ Y___ H____ O__,519
Strangers,The Kinks,S________,520
Strawberry Fields Forever,The Beatles,S_________ F_____ F______,521
Street Fighting Man,The Rolling Stones,S_____ F_______ M__,522
Stuck In The Middle With You,Stealers Wheel,S____ I_ T__ M_____ W___ Y__,523
Suicide Is Painless,The Mash,S______ I_ P_______,524
Sultans Of Swing,Dire Straits,S______ O_ S____,525
Summer Breeze,Seals and Crofts,S_____ B_____,526
Summer in the City,The Lovin' Spoonful,S_____ i_ t__ C___,527
Summer Of '69,Bryan Adams,S_____ O_ '__,528
Sunday Shining,Finley Quaye,S_____ S______,529
Sunshine Of Your Love,Cream,S_______ O_ Y___ L___,530
Sunshine on Leith,The Proclaimers,S_______ o_ L____,531
Supersoaker,Kings of Leon,S__________,532
Surfin' U.S.A.,The Beach Boys,S_____' U._._.,533
Surrender,Cheap Trick,S________,534
Survivors,Selena Gomez,S________,535
Sweet Caroline,Neil Diamond,S____ C_______,536
Sweet Child O' Mine,Guns N' Roses,S____ C____ O' M___,537
Sweet Emotion,Aerosmith,S____ E______,538
Sweet Home Alabama,Lynyrd Skynyrd,S____ H___ A______,539
Sweet Home Chicago,The Blues Brothers,S____ H___ C______,540
Sweet Virginia,The Rolling Stones,S____ V_______,541
Tainted Love,Soft Cell,T______ L___,542
Take Her Back,The Pigeon Detectives,T___ H__ B___,543
Take It Easy,Eagles,T___ I_ E___,544
Take It to the Limit,Eagles,T___ I_ t_ t__ L____,545
"Take Me Home, Country Roads",John Denver,"T___ M_ H___, C______ R____",546
Take on Me,a-ha,T___ o_ M_,547
Take Your Mama,Scissor Sisters,T___ Y___ M___,548
Tears in Heaven,Eric Clapton,T____ i_ H_____,549
Teddy Picker,Arctic Monkeys,T____ P_____,550
Teenage Dirtbag,Wheatus,T______ D______,551
Teenage Kicks,The Undertones,T______ K____,552
Telescope,Cage The Elephant,T________,553
Temple,Kings of Leon,T_____,554
Thank God I'm a Country Boy,John Denver,T____ G__ I'_ a C______ B__,555
The Adventures of Rain Dance Maggie,Red Hot Chili Peppers,T__ A_________ o_ R___ D____ M_____,556
The Best of My Love,Eagles,T__ B___ o_ M_ L___,557
The Boys Are Back In Town,Thin Lizzy,T__ B___ A__ B___ I_ T___,558
The Bucket,Kings of Leon,T__ B_____,559
The Cave,Mumford & Sons,T__ C___,560
The Chain,Fleetwood Mac,T__ C____,561
The Day We Caught The Train,Ocean Colour Scene,T__ D__ W_ C_____ T__ T____,562
The Funeral,Band of Horses,T__ F______,563
The House of the Rising Sun,The Animals,T__ H____ o_ t__ R_____ S__,564
The Importance of Being Idle,Oasis,T__ I_________ o_ B____ I___,565
The Killing Moon,Echo & the Bunnymen,T__ K______ M___,566
The Living Daylights,a-ha,T__ L_____ D________,567
The Masterplan,Oasis,T__ M_________,568
The Most Beautiful Girl In The Room,Flight of the Conchords,T__ M___ B________ G___ I_ T__ R___,569
The Night They Drove Old Dixie Down,The Band,T__ N____ T___ D____ O__ D____ D___,570
The Passenger,Iggy Pop,T__ P________,571
The Power Of Love,Huey Lewis & The News,T__ P____ O_ L___,572
The Runner,Foals,T__ R_____,573
The Sky Is A Neighborhood,Foo Fighters,T__ S__ I_ A N___________,574
The Things We Do For Love,10cc,T__ T_____ W_ D_ F__ L___,575
The Underdog,Spoon,T__ U_______,576
The War Is Over,Cage The Elephant,T__ W__ I_ O___,577
The Way It Is,"Bruce Hornsby, The Range",T__ W__ I_ I_,578
The Weight,The Band,T__ W_____,579
The Wind,Yusuf / Cat Stevens,T__ W___,580
There Is a Light That Never Goes Out,The Smiths,T____ I_ a L____ T___ N____ G___ O__,581
There's A Reason Why,Blossoms,T____'_ A R_____ W__,582
This Charming Man,The Smiths,T___ C_______ M__,583
This Is the One,The Stone Roses,T___ I_ t__ O__,584
This Is Why We Can't Have Nice Things,Taylor Swift,T___ I_ W__ W_ C__'_ H___ N___ T_____,585
Three Imaginary Boys,The Cure,T____ I________ B___,586
Through Glass,Stone Sour,T______ G____,587
Thunder Road,Bruce Springsteen,T______ R___,588
Thunderstruck,AC/DC,T____________,589
Tick Tick Boom,The Hives,T___ T___ B___,590
Time After Time,Cyndi Lauper,T___ A____ T___,591
Time For Heroes,The Libertines,T___ F__ H_____,592
Tiny Dancer,Elton John,T___ D_____,593
Today,The Smashing Pumpkins,T____,594
Together In Electric Dreams,"Phil Oakey, Giorgio Moroder",T_______ I_ E_______ D_____,595
Tokyo Smoke,Cage The Elephant,T____ S____,596
Tonight,Kings of Leon,T______,597
Touch Me,The Doors,T____ M_,598
Town Called Malice,The Jam,T___ C_____ M_____,599
Trouble,Cage The Elephant,T______,600
Tumbling Dice,The Rolling Stones,T_______ D___,601
Unchained Melody,The Righteous Brothers,U________ M_____,602
Under Pressure,"Queen, David Bowie",U____ P_______,603
Under the Bridge,Red Hot Chili Peppers,U____ t__ B_____,604
Underdog,You Me At Six,U_______,605
Up Around The Bend,Creedence Clearwater Revival,U_ A_____ T__ B___,606
Use Me,Bill Withers,U__ M_,607
Use Somebody,Kings of Leon,U__ S_______,608
Valerie,Steve Winwood,V______,609
Vienna,Billy Joel,V_____,610
Wait for Me,Kings of Leon,W___ f__ M_,611
Wake Me up Before You Go-Go,Wham!,W___ M_ u_ B_____ Y__ G_-__,612
Walk Of Life,Dire Straits,W___ O_ L___,613
Walk On,Neil Young,W___ O_,614
Walk On the Wild Side,Lou Reed,W___ O_ t__ W___ S___,615
Wall Of Glass,Liam Gallagher,W___ O_ G____,616
WALLS,Kings of Leon,W____,617
Waste A Moment,Kings of Leon,W____ A M_____,618
Watching The Wheels,John Lennon,W_______ T__ W_____,619
Waterfall,The Stone Roses,W________,620
We Are Never Ever Getting Back Together,Taylor Swift,W_ A__ N____ E___ G______ B___ T_______,621
We Didn't Start the Fire,Billy Joel,W_ D___'_ S____ t__ F___,622
We Don't Talk Anymore,"Charlie Puth, Selena Gomez",W_ D__'_ T___ A______,623
We Like Sportz,The Lonely Island,W_ L___ S_____,624
Welcome To New York,Taylor Swift,W______ T_ N__ Y___,625
We're Both In Love with a Sexy Lady,Flight of the Conchords,W_'__ B___ I_ L___ w___ a S___ L___,626
We're Going To Be Friends,The White Stripes,W_'__ G____ T_ B_ F______,627
Wham Bam Shang-A-Lang,Silver,W___ B__ S____-A-L___,628
What I'm Becoming,Cage The Elephant,W___ I'_ B_______,629
What Is Life,George Harrison,W___ I_ L___,630
What Makes A Good Man?,The Heavy,W___ M____ A G___ M__?,631
What Makes You Beautiful,One Direction,W___ M____ Y__ B________,632
"What's The Frequency, Kenneth?",R.E.M.,"W___'_ T__ F________, K______?",633
Whatta Man,"Salt-N-Pepa, En Vogue",W_____ M__,634
When a Man Loves a Woman,Michael Bolton,W___ a M__ L____ a W____,635
When I Come Around,Green Day,W___ I C___ A_____,636
When I'm Sixty Four,The Beatles,W___ I'_ S____ F___,637
When The Sun Goes Down,Arctic Monkeys,W___ T__ S__ G___ D___,638
When You Were Young,The Killers,W___ Y__ W___ Y____,639
While My Guitar Gently Weeps,The Beatles,W____ M_ G_____ G_____ W____,640
While You See A Chance,Steve Winwood,W____ Y__ S__ A C_____,641
Whiskey Drinkin' Woman,Nazareth,W______ D______' W____,642
White Room,Cream,W____ R___,643
Who Are You,The Who,W__ A__ Y__,644
Who Is He?,Bill Withers,W__ I_ H_?,645
Whole New Way,The Horrors,W____ N__ W__,646
Why Me? Why Not.,Liam Gallagher,W__ M_? W__ N__.,647
Wild,Kings of Leon,W___,648
Wild Horses,The Rolling Stones,W___ H_____,649
Wild World,Yusuf / Cat Stevens,W___ W____,650
Wildest Dreams,Taylor Swift,W______ D_____,651
Witchy Woman,Eagles,W_____ W____,652
With A Little Help From My Friends,The Beatles,W___ A L_____ H___ F___ M_ F______,653
Wonderful Tonight,Eric Clapton,W________ T______,654
Wonderwall,Oasis,W_________,655
Wuthering Heights,Kate Bush,W________ H______,656
"Yeah, I Know",Otherkin,"Y___, I K___",657
Yesterday,The Beatles,Y________,658
You Give Love A Bad Name,Bon Jovi,Y__ G___ L___ A B__ N___,659
You Know How We Do It,Ice Cube,Y__ K___ H__ W_ D_ I_,660
"You Looking at Me, Looking at You",Ozzy Osbourne,"Y__ L______ a_ M_, L______ a_ Y__",661
You Make Me Feel Like A Natural Woman,Aretha Franklin,Y__ M___ M_ F___ L___ A N______ W____,662
You Make My Dreams,Daryl Hall & John Oates,Y__ M___ M_ D_____,663
You Might Think,The Cars,Y__ M____ T____,664
You Really Got Me,The Kinks,Y__ R_____ G__ M_,665
You Sexy Thing,Hot Chocolate,Y__ S___ T____,666
You Shook Me All Night Long,AC/DC,Y__ S____ M_ A__ N____ L___,667
Youngblood,Green Day,Y_________,668
Your Girlfriend,Blossoms,Y___ G_________,669
Your Song,Elton John,Y___ S___,670
